md5,type_description,vhash,creation_date,last_modification_date,type_tag,size,meaningful_name,sha256,type_extension,last_analysis_date,first_submission_date,sha1,imphash,remark
726BCB9982BD4DAB466D2D745C426355,Win32 DLL,116066651d1555155az48?ze,1625967125,1631526895,pedll,1992192,extension-webm.ndll,d7b2679494af7d78ed63985f77716e19c9afcf72660eba291c5127a23b87bd94,dll,1631519644,1629900901,b457af79691efb83494d3bb6b835040d954eba56,b97558180371685b98482b9215d6dbef,
8C9DB6B54EACF445BE86E33164F09D9A,Win32 EXE,245036751511b0872d2f4021,1631593753,1632062155,peexe,491520,OperatingSyst.exe,ff257219b5382cf10b73b0358327ee4c1e8c14e9678f5290f007d0a27ee60009,exe,1632054902,1631625993,ae3ef01869992793d7b478bb7faec43f5e33dbe7,f34d5f2d4577ed6d9ceec516c1f5a744,
68DEDF55FA634001CF5409AB97102182,,,,,,,,,,,,,,Not found in VirusTotal
7FC43AC8A62EAB9E7E1D1BDD3C1ACE9E,,,,,,,,,,,,,,Not found in VirusTotal
1C1E4398595113733A8B54BE81F78C96,Win32 EXE,016066655d1515556az8d!z,1585216967,1632199114,peexe,1074199,Payment  Advice_JPEG.scr,fb9792e793e280df0448ea45e6b38be1dfd673f8a7e5a448200c1dfe6485d9f5,exe,1632191873,1631532708,f19025bdd485ba86914294e4a576e430e040fbf5,fcf1390e9ce472c7270447fc5c61a0c1,
4b0afeb88e685f7c3728191803932987,,,,,,,,,,,,,,Not found in VirusTotal
6FF884B56AD339D184F79527ACA7DB47,Win32 EXE,0370c76d1565155c055d5291z10a3100b29c022z22185zf2z8d03001d236zb,1530632842,1626803499,peexe,34615296,SlidesLive.exe,16e61b14763506b61a130cb0cd828f74d90817b399f358d55a97644149909382,exe,1626752610,1626706165,95916f0e08e38ba203c795d382e40a2ea3c6e8ac,f8000eed51dacb598f50bbd24411102a,
4DB34D0C859868C0ECE2E39EC7E844BC,Win32 DLL,136096050d05050707751bz1nz1ez1,1627541633,1634168883,pedll,3182592,Custom.dll,db6cfb09c6a726622bf19b73b3720841e7b0d218bec3b53cd3f750058f813fd9,dll,1634161619,1627773152,ba50c52879854adfe71dcc2f26a8bc03e9c26ad1,c9de0aa262b1ed5b15a20dde5600d7d7,
1D1BF700C95A45A5C2D3266FA2F1635D,Win32 EXE,22505f7675161513c081e4d1f94912,1605579851,1630912720,peexe,275968,PovUpdate.exe,ebe56a9c4d9187cdeea063f22a8ef81071cf9ab5c31f3125aeec26014cbb24e1,exe,1630905478,1613422873,e82136b9bcaf0e7a4de79623e3c98c5741118b23,f34d5f2d4577ed6d9ceec516c1f5a744,
90B6F298A9DAD5DC43220C056F09E246,Win32 EXE,025056651d15556048z4cjz1jz,1626759728,1635378901,peexe,283648,PreConfigAdmin.exe,938e29ed93872deed24d2f5c8317caa81b5fc51d909f89347b7d6182e269a069,exe,1635371666,1626841746,342c4294cd12ac69f1d42580fa9749490fb4c18f,0b7d48ee8db10bacf096f3ebdfe307e1,
0DB0D8E6DED6D711948B4B0B4E80E00E,,,,,,,,,,,,,,Not found in VirusTotal
429AABDAE98E2C80CC2B7562BA2BC279,Win32 EXE,056066655d1515756az8d!z,1585216967,1629279498,peexe,5621915,OptionsFile.20-21.PES17.Update.exe,6930e4389287314c77a44f04df2bd1afa616733f6d04d0c36c19d6fe3e5c8592,exe,1629272280,1616584262,50565ac937498b73ad64d4b47e3550e2cbf77fae,fcf1390e9ce472c7270447fc5c61a0c1,
F19CFDDB571831E2E91B5886E5FE829B,,,,,,,,,,,,,,Not found in VirusTotal
E59226A18D70150694CAD05D3A1D197F,Win32 EXE,036056655d1c0560d043z800417z47z62z41fz,1544912667,1630030926,peexe,3027751,theropods_hidden_windows_10_features_v1.3.0.exe,d284b2b5a10c263f551604a4a2a6ff34c6ba2a46578c92ed7dda5227c93bbcfa,exe,1630023532,1626876068,b787c49b08d2ac0e183b82fb4a9b1375b1f7f5d2,b34f154ec913d2d2c435cbd644e91687,
7fce508963e41638b5efb4e3437c8bb8,,,,,,,,,,,,,,Not found in VirusTotal
E4FD2965002E4E7BC638A11B63E27255,,,,,,,,,,,,,,Not found in VirusTotal
a4dee6f5d7084076ca5704a7c9a97583,,,,,,,,,,,,,,Not found in VirusTotal
F4DED77660A126CFC9D04FC3E8EEBB0E,Win32 EXE,025046655d755az6e!z,1594148816,1631305977,peexe,279552,csrrsc.exe,141c20c2b38c97a455356282a9f21b9433c6e8cc12b1b9c066012a892a5de449,exe,1631298604,1631061585,85fc35e60f3d587a157f855d2c81a3ab1415f8b7,235315ed783e15a9f0262d40cb1ad6da,
A9395D0CBE8AC0C3B05E40E95959397B,Win32 EXE,015066651d1515551028z2oz27z15z,1587249540,1634949463,peexe,155648,NoGTAVLauncher.exe,6b6faf5cf5d8679554f74b62d20e546c34c35aa24f51a0359c117800f79964c1,exe,1634942174,1587771048,30c5d54e555a8e7d5770b845cbf2d1a473312ba4,a949ee39ae539af476d430390d889881,
5EE0A1BCA69F9D0D1F9A24923E52F01B,Win32 DLL,1260b6551d15657f1e1e1bzc?z1,1595080050,1634859663,pedll,2736936,EMP.dll,efe782f2d88b8c5e7abb382bfe94fb20e14a57ec548d92693493f185b4e15bb2,dll,1634683767,1626302987,fc930bfe940413c5c86020c1089ca0f3732a7789,fc7124d57387852c0a6a634e9130bf57,
ED2F82A708DEC15B0C00A9EBB800A49B,,,,,,,,,,,,,,Not found in VirusTotal
498A8AEA6E50D7AC413963C6A496A0AE,,,,,,,,,,,,,,Not found in VirusTotal
C3D656093E44530CE0E1E7F4364BD58B,,,,,,,,,,,,,,Not found in VirusTotal
E16F915796D4762014FC3864D4444AC3,Win32 EXE,0450665665655d1571z13z1004616z27z30500213z19z,1517514181,1630076096,peexe,459776,soul3ss.exe,65dee75f5d4f0d7e0c1065a689ebe79f67c87a4d3d9654193164128e859a0ddd,exe,1629961375,1629729973,819364784cf0d3fe440b6c9a3950de7fa093e805,f326f88ca83c9aacaa44acfb8884f1d4,
054758032CEC764D067D98000843A5E9,,,,,,,,,,,,,,Not found in VirusTotal
065157829EB84B4F03E15480CA59825F,Win32 EXE,0260a6665d5c0d5d151c006016z631z25zbaz1003cz3,1605433710,1635142508,peexe,2456464,"incredimail_2_b6-vGN1.exe""; filename*=UTF-8''incredimail_2_b6-vGN1.exe",8ac720b6a586ac61e67bcb5b7e10395c57b058203006f0d4657ce6ca3e3bf584,exe,1635135050,1629639093,dd27965ffc63b49e43b0dad37361446ff9689699,5a594319a0d69dbc452e748bcf05892e,
7336D4CFAC54503282B37E4A859F46A9,,,,,,,,,,,,,,Not found in VirusTotal
A950305EBB090858F78ED7A5E7332E2A,,,,,,,,,,,,,,Not found in VirusTotal
B54DBD344F0D32E443A3273377B0DC99,Win32 EXE,046056655d5c05709043z8003b7z47z62z3e03dz,1260053446,1627009158,peexe,4059200,utorrent_setup.exe,0663af4692e19081e3afa8641ee7b9be3a54ec26c88a02bfee5265717c7037df,exe,1627001932,1523500997,6f7a53b769c9dc414c573ea9f13e51207a84673b,099c0646ea7282d232219f8807883be0,
3493DCC0EDDA5E30E26AA552D7EDCC8C,Win32 DLL,125056655d15156az51nz1ez4,1626279843,1632209359,pedll,206336,converter_x86.dll,e68f11685b0a74d8b6f57647aadf97977c35fd7d774de64b5360961677c3ed33,dll,1632200511,1626632617,e9919b2cbacb4b8ccfcc0e7896237d3ad172f2a5,37f56989560c9ac8d19781112ad446b7,
1A43A53553D5EEFEDA02E7D9ACB6CCE9,,,,,,,,,,,,,,Not found in VirusTotal
06A863DE50C6E4425B466057C5665ED9,,,,,,,,,,,,,,Not found in VirusTotal
FAD38E650676E9486BD4456AD15D1F3F,Win32 EXE,215036756512f097243550410,3712164621,1634407454,peexe,185856,EasyMC.exe,2c5f35fd3dff5f80300525b4be72821eaed7cc000b483212460685efc7ad6047,exe,1634400203,1626525222,76a78040f517f28986525cfe70f8f6271c19f0ad,f34d5f2d4577ed6d9ceec516c1f5a744,
AEBF043A39D212BBD0FD608C972C5181,,,,,,,,,,,,,,Not found in VirusTotal
51D5ED33C76EAFF65204E915B5959830,Win32 EXE,095096665d1c0d5c0515603152z3a001e9z3bz503dz,708992537,1634577332,peexe,970752,ExOptions.exe,a166c132c3468b56a1c7723821d68f67d754ba5e3a04b3360f49de1203843361,exe,1634570067,1631545356,c3a030e91e38fbd6024424bc666cb874f268a251,033e2faebf4fa1b914507643e539e822,
4E4B014604377B609ADD80E7F612ABE1,,,,,,,,,,,,,,Not found in VirusTotal
1a8eb65c9bb26a9b37c97d83e1d000ae,,,,,,,,,,,,,,Not found in VirusTotal
F08E24F57501F2C4E009B6A7D9249E99,Win32 EXE,02503e0f7d5019z4nz1fz,1629144929,1635509598,peexe,256000,xk0fuc7fz.dll,cafe54e85c539671c94abdeb4b8adbef3bde8655006003088760d04a86b5f915,exe,1635502379,1629895810,cb590e4eaab33bba84082f3acbe01f35e1ce710f,07a0cdd4807510f9323ce2fd61059e50,
D45A94A569E284F4CE39673CE1CDBE40,Win32 EXE,0460cf7f7f7c0f0c0f0f00101011z11z67z1015z13z10101019z,1335363172,1631424368,peexe,4034560,RApolo.0xe,21ec0addc73e6823ac2a6dd9a90690aab53149e33444c80100771d84d0e97353,exe,1631416996,1346835961,7b543771e9318c7496553e80f159fb15b4baab08,e6181451c44b84df1ecfe50791c14790,
EA5D15BE1011E2126F95D4D61C7E6D0E,Win32 EXE,056076050d050707755019z1nz15z1015z,1630207705,1632798316,peexe,5222912,robloxplayerbeta.exe,85fd9afd23692cb738d1ee9ea9c60c8b8ed5d3cff15a3ed4141da82d61a5577c,exe,1631970271,1630244437,195ff39ed7b4701adb0e8e90edafdac489c5babd,12ce781737a01ba519c98bb83a6804a1,
2FA7683EA7BB2ADE8E5331E99FD14D0E,Win32 DLL,115056655d15556az4a!z,1566160854,1633401303,pedll,130560,vijs3m7so.dll,14e801fbb5190005a8c78fa00d348ec6d179d6b7552bb90f88486b3073a28253,dll,1633394039,1582461285,ad50464c3024f0c4858a805bdbf2c828779d3b04,c2acd74a37a58d50417c14e5209297f3,
597B6DF7CF776B5A1C8B7001B21BA80D,,,,,,,,,,,,,,Not found in VirusTotal
58AE6F9651A8E5E0075C09EBDE188926,,,,,,,,,,,,,,Not found in VirusTotal
81DB2BDE8945985CE805776F4358B5EF,Win32 EXE,066076655d155515155048z5f!z,1626080820,1627678621,peexe,6628305,mitmproxy.exe,8cc7f072575cbdfff5e7892cce26991f75a69badd2cc8ad5877c71451e840385,exe,1627671388,1626945955,be310135d7e874f451af835759551e5763ca2e41,2cdcfb3a828433ba76b5b41f45519bd9,
2DBB88B9FD64E835E248867DC83521A0,Win32 EXE,046046655d755az7e!z,1600668439,1631446714,peexe,4659200,eBqFtAtMmPuAvJbKs,743edf989324fe3673cc05d95e1554054d5606df3677ca75cdc58426e753dcb2,exe,1631439313,1629199402,76279e5975fa5f12afaf3e7c233e494fd21150b9,35155166d938a506dc8c83222d11c045,
FEE6F18453719080E90C4690449A02F1,Win32 EXE,037046655d155az89!z,1454528305,1626869071,peexe,30687854,KOMIDocOfficeManager_6.1.5-33_EN.exe,a5f742d87a8d32cfca77bde99e0eb1cb4cbd0051de5357dbbb7f51db2a85fee4,exe,1626861806,1587180956,3da916a5d85107594a903c42794017b5e675f092,130312efe8892496180179ce46d20b79,
8605B28CFC77C4CBC970AB493A662AF0,,,,,,,,,,,,,,Not found in VirusTotal
E196045028AEB44A874A1B7EB0D3A76F,Win32 EXE,016046655d15103013zb005d215z3045z72z37fz,1336649870,1628174078,peexe,1780029,7ZSfxMod_x86.exe,22c433831f5e952c23dbd74259245eb1ac041c1afe09cf624f86eb7c8262edb0,exe,1628166681,1627023950,b4e8176583c8a9a13f642cddd1f5312987d552df,f6baa5eaa8231d4fe8e922a2e6d240ea,
CEFD0B6A81C8A58E1696AE7CF4FB0868,Win32 EXE,0750866d1c0d1c051505105016z1c9z5bz1fz,708992537,1626887117,peexe,794016,minecraft 1.exe,ed76dd949435bde965ed256494c4072b7304d4ff285149977cd21e216d0e650e,exe,1626761372,1448125419,9af897669cd49c0a03f0ee058c94d6ccd580a0e3,884310b1928934402ea6fec1dbd3cf5e,
64D6384795BC0C3692B17AF3A80A60C9,Win32 DLL,1260566d1555156188zb1hz20401191z801195z13,1599681286,1629288373,pedll,2557440,iw4x.dll,a8cc637b9cc836dbd86af7264368ce79c532344bf1cdec63d47ae6d39026408e,dll,1629280695,1600415363,b2aca742a766df48e25d2ff420ca8d518c02b421,58b80eba54a9a546d72bf2dde53f1836,
86efb85c62ed6ac120b20a3282f428a2,,,,,,,,,,,,,,Not found in VirusTotal
F39998196E43D17E2D5FED5CDB4ABEC3,Win32 EXE,246036751512c0be4ca20204,1629692725,1633803223,peexe,4206592,Nihon.exe,f923db34d9ef6ce33613d39999621dc820a13704d01a52c8a058dcf2570d2137,exe,1633795941,1629722493,a4fc95c099486eedcb167adce595d88e445397a2,f34d5f2d4577ed6d9ceec516c1f5a744,
5D12FBCAAA5BFD69108733C9BE07E129,Win32 EXE,046046751d156025z1005c?z1,1587426534,1634124470,peexe,4586496,6n7mhwcd5.dll,3903f8a278a4ee89584ff1322c7216918b2e2f83de6eb58f908e304210473e6f,exe,1631690129,1631502305,8e98ee723ab12d4ea8b7c012c7b5a82c792243d2,65186050f9601ee4db4aa7e9ce7b7062,
1FE3593B5BB17888528349AF9563DEBB,,,,,,,,,,,,,,Not found in VirusTotal
A45995EB93ABA1C34E3D778F51178C90,,,,,,,,,,,,,,Not found in VirusTotal
705E0DE4275EFC3F1FED585A3C35A247,Win32 EXE,01503e0f7d11z13z11z6015z1015z13z1fz,1303990700,1633943163,peexe,162272,setup,295ef9ecd464a3ce3956b44088f1dcbd97e1eb2699623c606ae34ef9f918523c,exe,1633935898,1626090688,3a580b432f5de7336478768b3e05313a03e6d21b,a286c0355023fedae1f655dff7dc3897,
8A91F6FA28B52288C31CFF2D8029377F,,,,,,,,,,,,,,Not found in VirusTotal
2895ae3c7c7f81fb4869d75cef08c399,,,,,,,,,,,,,,Not found in VirusTotal
39D83C8D85A31D864F8DA1DBD0613236,Win32 EXE,046046655d756az81!z,1595970082,1631545988,peexe,4617728,csrss.exe,996f0cfc36e60fdbdcb535a380506dfc3e0dbb20a7b5707015f7675be2a04fb2,exe,1631538537,1629677621,230982a08f1253cb16c8535e2731d8f4ce8d45ef,0651d9dcd3efcdffaff927d730c581e7,
0B298AEA117D75732508620DD1E97231,,,,,,,,,,,,,,Not found in VirusTotal
84772A42337D994CAA2D695992564821,,,,,,,,,,,,,,Not found in VirusTotal
A78D1DB37F33477E34EB704619A0EB7C,,,,,,,,,,,,,,Not found in VirusTotal
4B07BF7389C0CB0BEA360C54160E3AE2,,,,,,,,,,,,,,Not found in VirusTotal
C5C896E08FAA139498193A79C326FF2C,,,,,,,,,,,,,,Not found in VirusTotal
E97095F7A58CA1C6C583BBD8ECE4F6F4,Win32 EXE,0750866d1c0d5c051565603172z36002a7z203bz403dz,708992537,1627532383,peexe,754176,doc_11900353674765345789.scr,ce7631ce4c2db623fb57e48426d6af3688df480f79ab73d70668b8ac4529f504,exe,1626961695,1626961695,b16a1b7d39f8ff79dcb1b9659abe5ebec65907b0,f52f1f389a4e7d091aa5f98bacc5c4af,
38CC4ABBCCF47C8C06F265602E0AFD81,Win32 EXE,21503675151100771001025,1622183635,1634595482,peexe,168960,MainRunner.exe,703cf8f0d63094194cb1336a25d5dc66198682ca7d8e062fd7b925e5fa71e285,exe,1634588239,1626720398,85f5f040fb749c78ead6720a17f5308e38f6cc33,f34d5f2d4577ed6d9ceec516c1f5a744,
A0A5E48066B0B6FEEECA25746D0EF933,,,,,,,,,,,,,,Not found in VirusTotal
2C5140076BF00C3D77C30E4849107AE9,Win32 EXE,016066655d1555555210b02002300a56z161d013zf2za2030e039z,1608738692,1626479484,peexe,1009152,XYplorer.exe,cd2f8f60012f169a4501c6074f6e7599b239a101ca0fec806dad912f2c3bb4af,exe,1626429695,1608814994,ff505f36c8b591bf43c92171811135c008c5d26a,161c85364c462057ba28801ac1ad5404,
C1F8A53FC91C813B1D8A66D70D30E2C9,Win32 EXE,016066651d1c0575709043z800467z47z62z4403dz,1330111204,1633819720,peexe,1318912,C1F8A53FC91C813B1D8A66D70D30E2C9.exe,1d0f57d2f0c24b6812f56b29d74b40bf48a90d4b0824f9e66e60c7de7fd48a4b,exe,1633812491,1627083390,6f71d7ec77a265ed519ff1f3abe25005d4c92992,be41bf7b8cc010b614bd36bbca606973,
B27BF3DCF7F6BEFC64B03106B7EC35A4,Win32 EXE,036056655d55756150100106200b26z150e5zb0600e63z11d7z,1626261464,1635287919,peexe,3933120,TelevisionShowSetup.exe,a47954555f138b6c951091477cc08659d10eb2e16894a2b0de60ce84d4b5f68e,exe,1635280529,1626279399,f17d0da1e8a9dc0f60aff36c15e89b08c2e55aba,f1e87f1fc83c52c86a04820dadf4fa77,
7BAC80E6859430CA1F26F935852D01F9,,,,,,,,,,,,,,Not found in VirusTotal
4105EF965AF93837EE4453CE62A55262,Win32 EXE,017056655d65656083z32z88nz14z17z3,1625716126,1633045073,peexe,13319168,Kade Engine.exe,3e926acd887b88c1f1b6d486f8184f333a39bdc9b7314a38386895b9e3dc8c64,exe,1633037654,1625737105,8b5a8bf4891951da3bb8f7381cdd7544dbaed04c,4baae78224151bcef6ab936ae9ae5041,
3B40500ED2A420F526203B7F78D04B09,,,,,,,,,,,,,,Not found in VirusTotal
0AF8D0286826571374148584C1D064FD,,,,,,,,,,,,,,Not found in VirusTotal
BAC13DFBE1ACF8ABFA20D15039281C2B,,,,,,,,,,,,,,Not found in VirusTotal
8efa182da9698e12af467b922da88c36,,,,,,,,,,,,,,Not found in VirusTotal
44AB6A4D6E901C51692FE7195344EA47,,,,,,,,,,,,,,Not found in VirusTotal
222e8d2330a330387a5cf876427459d1,,,,,,,,,,,,,,Not found in VirusTotal
01C4EB60339048498E9015D2E13ADFA0,Win32 EXE,0160566d55557560e013z1005114kz1e03dz,3107484422,1630604645,peexe,1177600,QPKMYIE.EXE            .FQX,b0b8e61c9e20822a37af5b000079a792f17e382b3eafa31c000f4589a7c96405,exe,1630597426,1630411354,5e1d347d2b040418ffbd4615fa32f3817fbadc33,646167cce332c1c252cdcb1839e0cf48,
187BAEAED91ACC6379FE883A49C340D4,Win32 EXE,046046751d156015z1005d?z1,1608182537,1634124471,peexe,4592640,x91fio5zj.dll,d975c2fe8c4714c2a1fe2173f3e1ff585612c1a3e55de6e9fd328b5fc310de1a,exe,1632316235,1631710595,81d5eda25610bd85f680e0e7be368d1a4c65db29,1f1778a50f9b54ca062656e19d05039f,
BC55D55F2727888C8F0BFE5DF4C610E3,Win32 DLL,115056655d55556az47!z,1576769541,1629704196,pedll,153088,iny7cuhzn.dll,9c532b1f2d1cf039f988dd66fc7fe6386e6d856cb6b4e2083ce099dadaf9c1f5,dll,1629696943,1607144526,4c0032b852aa212c116361c5f1c0e6eeaa9672bd,b4c9f909d8849019fe2c534ef74a3ad7,
C70889B47133396C23D32DD6C5720325,Win32 EXE,036086655d55151d157560b012z6200a56z150e5za0600e53z19z,1626278685,1629387741,peexe,3813280,LittleEggSetup.exe,86eca2f6c3c53fd1325206b810b0cb2b6ee43ba77cdd918993ff2de8f3dccd67,exe,1629380402,1626344909,1cf24f747b48957fb0c36914a2b81142357d5484,29c0900352205659aa798b79fff4075c,
929C7F7E7770F2E7CDE00A04CC91854E,Win32 DLL,126056655d155557z1003iz12z14z102020035001,1613712657,1632923773,pedll,2014720,Main.dll,d7faa9c4ea32c5dbea4278e260963513390bfbf82515c9d7876fbeddd146f10e,dll,1626752614,1622160704,6a56b8febb52894e55b81895441d529c43a92265,a9bd4147b3190e5832c10bfcc3d76a2b,
7AFEF5C1924EAD34BE8FB9A12F239151,,,,,,,,,,,,,,Not found in VirusTotal
0EF5F6A26367A0C78D6996CB3F332921,,,,,,,,,,,,,,Not found in VirusTotal
DFBF27FCBC6DE1135D4BEBE9F5DF7321,Win32 DLL,135056655d55556az5-z,1582619332,1634203425,pedll,384000,9cednl6jh.dll,c9387a7ff5b6a807cdf2c38266a2613b9e7bcc8bf3d8b14d6a471ab25397f4f3,dll,1634196206,1585014202,74868564b6b355a21119630b8430e009e4fdd101,7ccb5d94de4d68f008aa2914f74af871,
F38B3602203AE1E7CA6E875F6510ABB3,Win32 EXE,014056655d15156058z1bdz1pz,1626708343,1634856441,peexe,19456,desinstalaGHC.exe,3d17e2b228f4fa783f6663378d8f32c0bc8859efb358a574bd484dad3b243c7b,exe,1634849081,1627364489,c1df9689f788fa26115519fc5e36b8b29fc2218c,cb1a182b51e11f1f85423474aeebcb91,
280EDAA3D848B87BD06F667E912EA864,,,,,,,,,,,,,,Not found in VirusTotal
1DF64122E96064E22CE431753A2360C3,,,,,,,,,,,,,,Not found in VirusTotal
D10DF5C7EC6041691752D17836C43CA8,Win32 EXE,015046651d155az3etz19z,1605549876,1631235443,peexe,180405,about it.exe,47665139d4ec0617fc039d91ed70a6b45ee32cab806d8d2151066892da1d613f,exe,1630909140,1630621879,888bacb546539a82d1239c9e04d1f75e2ffd0710,827f4f6f7e4e827b29dc651a7947ef5f,
00417653F6245DD39F114E4AD093B43F,Win32 EXE,016056655d1c0510d043z8003d7z47z62z3ffz,1544912681,1627041176,peexe,1348507,TProRecorderInstaller.exe,aadc7e960d67cd37ef224c77117c9be140300c6d638b16d649dadee22e03b94d,exe,1626410733,1626368987,2ea71961de2ecf6f27066dd8b7a4140f95cc04ae,3abe302b6d9a1256e6a915429af4ffd2,
A71D1ADD532DC89CA34C3AEF31CF1576,Win32 EXE,22603655156900531z12,1291921093,1635535487,peexe,2274281,MegaDownloader.exe,48fdc9fb2810396991f616e9c461a8336c23ebae7d83d88eee2fffdc5fcf70c5,exe,1633370879,1603552947,2b3ea88a1f8433d0d7964725614c0afdf799d769,f34d5f2d4577ed6d9ceec516c1f5a744,
580F30ACD2A0828B174BA827FD6F4BB4,Win32 EXE,025056655d15556128z527z503tz,1627323256,1635247673,peexe,239104,hjWZ.bVG9.exe,eb24370166021f9243fd98c0be7b22ab8cbc22147c15ecef8e75746eb484bb1a,exe,1635240439,1629344575,9b6a4bf704d4b430bc18caaef42648e743556dff,62d3f1a3256f45ecf89030ffd5341b2b,
D3D79F8F3809AE58A8D030DE3F0F8ABC,Win32 EXE,016066655d1555755210b02002300a56z161d013zf2za2030e039z,1625133789,1626442948,peexe,1180160,visitors.date.facebook.com,011b618d3d52261a4136201388020f1b9c98b43415a2c29f6e33cd3d7964938b,exe,1626435699,1625163413,977146cb7e43e70ab6d586b2d891f9026b3db68f,161c85364c462057ba28801ac1ad5404,
3726FC00D4229C08BCD60540FFABBA5B,,,,,,,,,,,,,,Not found in VirusTotal
ABC41503982F0541289BB87A62FCDF46,Win32 EXE,026046655d15103013zb005d255z3055z72z37fz,1451446862,1632466014,peexe,2756449,7ZSfxMod_x86.exe,2777bc7e5fef107b34e2d28c96858c51081414e299c551d4df14f9d8a9131feb,exe,1632458589,1629657286,5742f45625b03fdc67bf1620e0c81672c8db5c66,bf6171d5e900bf93e668170d1a189f34,
8E5413724AEDBBCF4B1FEFED3F35EF25,Win32 EXE,016056655d1c0510d043z800427z47z62z41fz,1459714742,1635532709,peexe,1826046,WOMicClientSetup5 (1).exe,c4b7c4249f7d88695564fcd9fb97ef7792b0e889c3aa58c79d1e070fc1fc43e5,exe,1632300072,1629350904,e1ec9534c98c574feb852ef5e245fe79515bfa71,e2a592076b17ef8bfb48b7e03965a3fc,
638289A3E2FADB26FB06E2CA54B923FA,Win32 EXE,014056651d15555bzejz2jz,1625788140,1635159084,peexe,11776,rdvwEeKh.exe,c86ffe34fc33bd6bd456c2edb09cda8ffecdadb55e6c28454ab07f366f1e249e,exe,1634162035,1625874523,fdb17621716119295cfb556cf1356dc289e15fae,a49fe7a2cf6d0a5da06434ad917b3dc4,
B1785B861D31BC1C6F17A8FA8A5D53F3,,,,,,,,,,,,,,Not found in VirusTotal
2134D4AC3B876AD8562272C605AA057F,Win32 EXE,23503655151860a97a8615051,1627340030,1634138832,peexe,344064,istat_app.exe,c8680d889af1570c5b40f58584e79a9ced6a02e86a87c0563a7bf5e272fde625,exe,1634131405,1632899667,0198250c6dab4217e2ac7f3181237b166edb54b7,f34d5f2d4577ed6d9ceec516c1f5a744,
7746B93DFDEB5D3B5C6144AB714C045D,,,,,,,,,,,,,,Not found in VirusTotal
BDB3986145CFADDF9933F7970E22F5B8,,,,,,,,,,,,,,Not found in VirusTotal
680D2ED84CDDC43E783FFEBFD1916BE4,Win32 EXE,026056655d155560e5z4007e7z6015z3010025fz,1593136416,1635503111,peexe,2262715,680d2ed84cddc43e783ffebfd1916be4.virus,ada709d8d6d899b665d31ecc587b7625aa1aef08f4156dd3193eb85064188f8c,exe,1635495698,1635495698,332edb969e47a8257253c9478e097d0990488da6,9668fa670179965985d6fa17fe7a20d9,
9FC2D22B828F11E8A181E550373B5CF2,,,,,,,,,,,,,,Not found in VirusTotal
34FB289E9FEE64CD7D4B588F0AF35A87,Win32 EXE,0360a6666d6c0d5d151c0161e020051z9401023zf125z92zbe03cz3,1605433712,1635506400,peexe,3232768,software.tmp,61fbf0a6084bd7bab3ed214f1c372a569af302ee353e59ddb4f9f65436bf9b55,exe,1635499180,1625070941,749822f7891caaca3fcda698a1f3a88afa76b26c,7c77b89cd344508d2ca812dd1c349c70,
2C634F5739DE44172E794C92C2E1E49B,,,,,,,,,,,,,,Not found in VirusTotal
7C6DAA2A0B2E2A7911B749132EF4C2CF,Win32 EXE,016066651d1c0555109043z800467z47z62z4403dz,1330111204,1627132644,peexe,1449176,4a3b354018901a0c04da4045ff77d1b52b460e3928c724286f38f0aa6a2a.bin,98994a3b354018901a0c04da4045ff77d1b52b460e3928c724286f38f0aa6a2a,exe,1627040726,1448125481,de7735af6e4f722040ad782034ff92965d64b11e,be41bf7b8cc010b614bd36bbca606973,
97AAD360235EFAA754311DFD26140B28,,,,,,,,,,,,,,Not found in VirusTotal
AC1E50E69E4B74EF020DE708E32AC8BD,Win32 EXE,016046655d15714022z2a00b37z907023z808005b03dz,1622016,1627084186,peexe,1766544,KInstallTool,05595eae414f08ce57569ae338d12a373caf9b56970150987cd2db78ae05659c,exe,1627076920,1620813313,29d842fc4af2017d262997b262b8bd7aeee4e098,53082278f3c81062023271f04605f0c4,
72C137EFE88D3E115455378A53E1699D,Win32 EXE,29503675551380e16b37eb480,1626997764,1628562842,peexe,959488,MutexAuditRu.exe,b6dfe1839752b15b2edd932dc605700d54930cfc892b4c36d650e70e05b718e4,exe,1628555464,1627142735,f8a38ba721421be4200f18895302f45aa78000cf,f34d5f2d4577ed6d9ceec516c1f5a744,
DA48C6B947856C51F70A8ECDB270272D,,,,,,,,,,,,,,Not found in VirusTotal
